ğŸ˜©,Polarised modular conglomeration,Optio numquam ut accusantium laborum unde assumenda. Ea et totam asperiores fugiat voluptatem vitae. Et provident nam et mollitia.,https://python.beispiel.programmierenlernen.io/img/1.jpg
ğŸ˜,Cross-group contextually-based middleware,Deleniti atque autem et commodi cupiditate cupiditate. Fuga illum quas aliquam velit. Labore dolor fugit quia id odio nam.,https://python.beispiel.programmierenlernen.io/img/2.jpg
ğŸ˜Œ,De-engineered encompassing structure,Assumenda tempora inventore harum cumque voluptatibus sit et. Et omnis et dolore quod voluptas sit a.,https://python.beispiel.programmierenlernen.io/img/3.jpg
ğŸ˜š,Fully-configurable multi-tasking interface,Cumque unde officia autem quia at fugit. Sint iure veritatis culpa aut provident aliquam in. Eos eum accusantium quia vel dignissimos nesciunt expedita. Rem aut accusantium et tempore.,https://python.beispiel.programmierenlernen.io/img/4.jpg
ğŸ˜ ,Versatile eco-centric core,Delectus distinctio quis omnis ut commodi sed. Beatae officia doloribus consequatur dolore. Consectetur impedit quia voluptas et ut. Incidunt rem mollitia fugiat quia corporis quo. Quod possimus ut et neque deserunt.,https://python.beispiel.programmierenlernen.io/img/5.jpg
ğŸ˜®,Optional maximized utilisation,Consequatur sit deleniti sunt aut ullam eos. Vel ex ut sunt velit provident corporis consequatur. Ea est dolorum ut atque unde. Quasi itaque nihil pariatur.,https://python.beispiel.programmierenlernen.io/img/6.jpg
ğŸ˜¢,Open-architected secondary product,Reiciendis dolor quisquam tempora in. Totam ut distinctio vero. Ullam maiores dolor sunt voluptas.,https://python.beispiel.programmierenlernen.io/img/7.jpg
ğŸ˜ ,Realigned zerotolerance function,Consectetur doloribus sed quia id ex sequi. Accusamus repudiandae esse incidunt sunt minima sapiente quibusdam. Sit eius quasi non eius.,https://python.beispiel.programmierenlernen.io/img/8.jpg
ğŸ˜†,Quality-focused user-facing help-desk,Dolores ipsum tempore quae non corporis neque saepe. Nesciunt ipsam architecto et est. Illo fugit totam molestiae cumque consequatur. Qui veritatis necessitatibus repellendus.,https://python.beispiel.programmierenlernen.io/img/9.jpg
ğŸ˜¤,Proactive user-facing opensystem,Quo recusandae iusto rem officia. Voluptatum placeat omnis nulla eum commodi iusto impedit. Alias qui a beatae commodi ducimus. Quo commodi nemo mollitia quaerat molestiae voluptate animi.,https://python.beispiel.programmierenlernen.io/img/10.jpg
ğŸ˜Ÿ,Decentralized holistic moderator,Et autem voluptas nemo ab non. A error porro est facilis. Amet soluta quasi unde voluptas id magni.,https://python.beispiel.programmierenlernen.io/img/11.jpg
ğŸ˜Œ,Mandatory tangible application,Veniam neque perferendis dolor officia. Quis praesentium et et qui. Esse dicta asperiores doloremque eum facere odio quia. Voluptates odit et officia cumque aut velit quam.,https://python.beispiel.programmierenlernen.io/img/12.jpg
ğŸ˜“,Digitized dedicated budgetarymanagement,Aliquam explicabo eius corporis perferendis. Cumque aperiam perferendis nesciunt et occaecati. Odit quisquam ullam non voluptatibus enim autem reiciendis. Officiis est dignissimos perferendis modi voluptas qui.,https://python.beispiel.programmierenlernen.io/img/13.jpg
ğŸ˜,Organized well-modulated concept,Quidem consequatur sed dolorem fuga. Est doloribus laudantium est blanditiis autem ut. Esse sapiente repellat et dolore minus voluptatem. Omnis dolores ipsam a explicabo et.,https://python.beispiel.programmierenlernen.io/img/14.jpg
ğŸ˜¢,Balanced optimal openarchitecture,Eligendi sint velit dolor et cumque odio. Quia possimus nisi nostrum ullam et. Magnam quia id enim soluta modi quia esse. Sint quae vitae quidem beatae. Perspiciatis aliquam est impedit quis iusto.,https://python.beispiel.programmierenlernen.io/img/15.jpg
ğŸ˜,Universal explicit throughput,Magnam nobis soluta doloremque omnis architecto cum explicabo. Magnam alias tempora numquam sequi omnis tempora. Perferendis labore excepturi molestiae voluptate. Eum nihil ipsum et fuga quasi quidem id.,https://python.beispiel.programmierenlernen.io/img/16.jpg
ğŸ˜³,Polarised mobile algorithm,Repellendus voluptatem impedit quis tempore sed suscipit. Eveniet qui quas optio quos tempora. Nemo sed qui placeat in autem fuga sunt minus.,https://python.beispiel.programmierenlernen.io/img/17.jpg
ğŸ˜š,Mandatory homogeneous infrastructure,Deserunt quas ullam quia. Et voluptatibus accusantium autem in quaerat iure voluptatem. Assumenda dolores quos cum nemo molestias qui quia. Et qui autem repellat aperiam est deserunt.,https://python.beispiel.programmierenlernen.io/img/18.jpg
ğŸ˜²,Business-focused interactive implementation,Corporis eligendi voluptas dolorem sit consequatur ipsum. Aperiam et facere est voluptatem sit ea architecto repudiandae. Praesentium ducimus aperiam amet expedita dolores possimus. At soluta nihil dolor occaecati sint voluptatibus.,https://python.beispiel.programmierenlernen.io/img/19.jpg
ğŸ˜¯,Polarised exuding archive,Tenetur quaerat rerum nihil quo ratione qui molestiae amet. Ducimus occaecati ut sed reprehenderit porro. Sed quia sint ipsam repellendus. Iste libero laborum aspernatur illum ullam et soluta aut.,https://python.beispiel.programmierenlernen.io/img/20.jpg
ğŸ˜µ,Extended homogeneous firmware,Doloribus voluptas nam excepturi quibusdam. Ab esse architecto ut sunt. Non voluptates ex dolorem odit ab quasi.,https://python.beispiel.programmierenlernen.io/img/21.jpg
ğŸ˜‹,Secured transitional capability,Tenetur iusto nobis similique nobis laborum. Hic fuga in quia. Non molestias voluptatem dicta illum. Voluptatem aut repellendus est voluptatem voluptas.,https://python.beispiel.programmierenlernen.io/img/22.jpg
ğŸ˜´,Expanded clear-thinking forecast,Quo reiciendis quo veritatis. Et laboriosam ipsum molestias magni. Ea eveniet vel nihil autem et dignissimos. Ab magni iusto nulla est illo.,https://python.beispiel.programmierenlernen.io/img/23.jpg
ğŸ˜‡,Grass-roots assymetric interface,Itaque assumenda dolore dolor sed iste. Omnis sint sint blanditiis ut omnis. Nulla corporis dolor qui temporibus omnis dignissimos in.,https://python.beispiel.programmierenlernen.io/img/24.jpg
ğŸ˜ˆ,Inverse static service-desk,Eos qui ut eos accusamus sed. Et aut vel neque fuga sit vitae in dicta. Est perspiciatis culpa officia libero.,https://python.beispiel.programmierenlernen.io/img/25.jpg
ğŸ˜,Optional object-oriented toolset,Ad id qui sed odio. Sequi voluptas voluptate provident pariatur doloremque. Dignissimos placeat harum repellendus magni.,https://python.beispiel.programmierenlernen.io/img/26.jpg
ğŸ˜§,Optional stable service-desk,Corrupti in tempore omnis et blanditiis. Tenetur qui qui corrupti nemo. Earum laboriosam dicta nulla sit quia impedit.,https://python.beispiel.programmierenlernen.io/img/27.jpg
ğŸ˜ˆ,Virtual background systemengine,Voluptates sit debitis in eius aut. Odit modi minus impedit. Assumenda et ipsa fuga in cumque. Dignissimos qui qui doloribus consequatur ad. Saepe harum maxime illo nisi.,https://python.beispiel.programmierenlernen.io/img/28.jpg
ğŸ˜¶,Balanced human-resource extranet,Error sit quibusdam ducimus ullam. Dicta exercitationem libero excepturi maiores. Repudiandae provident sapiente cumque dolorem accusantium voluptatem.,https://python.beispiel.programmierenlernen.io/img/29.jpg
ğŸ˜„,Expanded bi-directional encryption,Aspernatur quia consequatur molestiae saepe numquam et. Sed hic blanditiis consequuntur nostrum suscipit non hic. Voluptates sunt labore animi ea aut hic. Saepe quo doloribus eaque aspernatur.,https://python.beispiel.programmierenlernen.io/img/30.jpg
ğŸ˜©,Sharable client-driven groupware,Nemo aut voluptatem unde non. Ducimus voluptates cumque quae earum ipsam. Aut vitae libero veniam nihil reprehenderit.,https://python.beispiel.programmierenlernen.io/img/31.jpg
ğŸ˜¬,Monitored even-keeled initiative,Distinctio quia nihil nam odit qui illum. Eos facilis et cumque maxime quasi veritatis sed.,https://python.beispiel.programmierenlernen.io/img/32.jpg
ğŸ˜ˆ,Inverse maximized benchmark,Nobis dolor magnam alias ut aliquam ea. Qui non sint dolor facere minima. Maiores nostrum et consequatur.,https://python.beispiel.programmierenlernen.io/img/33.jpg
ğŸ˜Š,Front-line full-range help-desk,Sit tenetur aut dolores. Non exercitationem deleniti molestiae qui dolor. Magnam dolores eveniet at neque facilis molestiae quis et. Facere reiciendis porro impedit odio fugit similique consequatur.,https://python.beispiel.programmierenlernen.io/img/34.jpg
ğŸ˜…,Integrated impactful matrices,Similique et et a laudantium. Veritatis quo et exercitationem est. Aut eum nihil non itaque sunt. Illum ea laudantium eum harum et ut.,https://python.beispiel.programmierenlernen.io/img/35.jpg
ğŸ˜„,Cross-platform composite data-warehouse,Labore quia quo iusto incidunt natus. Perferendis consequatur quaerat dolorem quo.,https://python.beispiel.programmierenlernen.io/img/36.jpg
ğŸ˜´,Grass-roots systemic support,Amet recusandae necessitatibus doloremque. Iure harum accusantium nulla pariatur at delectus. Deserunt occaecati voluptas corrupti possimus harum. Officia atque sit magnam nulla voluptate.,https://python.beispiel.programmierenlernen.io/img/37.jpg
ğŸ˜‚,Secured 3rdgeneration intranet,Doloribus labore porro aspernatur blanditiis. Placeat enim culpa consequuntur maiores voluptatum. Ducimus et ad eos et.,https://python.beispiel.programmierenlernen.io/img/38.jpg
ğŸ˜•,Persistent composite firmware,Eius quaerat vel debitis sed. Magnam et optio sit nemo sunt expedita. Qui eum quia qui porro cum delectus.,https://python.beispiel.programmierenlernen.io/img/39.jpg
ğŸ˜Š,Upgradable multimedia benchmark,Eos id quasi qui quo laboriosam eos eos. Sit sint quos deleniti voluptatem vel sint iste. Numquam minima qui dolore. Numquam vero quas repudiandae earum magni.,https://python.beispiel.programmierenlernen.io/img/40.jpg
ğŸ˜¦,Organized fresh-thinking utilisation,Laborum in id voluptatibus beatae non. Optio voluptates et eligendi veniam voluptas in suscipit. Quae numquam et ut sed. Velit fugit aut tenetur consequatur. Iusto blanditiis ut ut perspiciatis quod saepe.,https://python.beispiel.programmierenlernen.io/img/41.jpg
